AÃ‘O,MES,DIA,CARBON,NUCLEAR,HIDRAULICA,CICLOCOMBINADO,EOLICA,SOLARTERMICA,SOLARFOTO,COGENERACION,IMPORTACION
2022,ENERO,01,21852,146085.5,62212,120,205055.8,6442,51540.7,107216.2,65531.9
2022,ENERO,02,22033,146095.7,62660.9,62356.8,132892,5060.8,49123.5,118748.9,77085
2022,ENERO,03,22798.9,146093.9,74299.6,118158.9,192213.8,5624.1,50519.2,127239.9,73498.1
2022,ENERO,04,23504,146113.2,88913.7,42007.2,403036.9,3042.6,36611.9,131576.2,5465.9
2022,ENERO,05,24682.8,146160,99873,73464,372159.6,2291.2,37999.2,131229.1,4390.2
2022,ENERO,06,26357.3,146160,92894.1,57839.4,258399,6995,53274.3,133937,4517.3
2022,ENERO,07,26204.6,146160,83827.7,87025.1,280258.6,7544.5,53982.2,134092.3,19047.1
2022,ENERO,08,26080,147218.1,61508,10479.7,287046,6799.1,52280.5,130519.5,53507.8
2022,ENERO,09,13890.9,151351,48505,120,470497.1,5862.6,43045.9,124546.2,1490.2
2022,ENERO,10,25649.1,156367.9,70281.8,133747,338505.4,3960.6,39978.4,135190.1,6232.6
2022,ENERO,11,26592,163975.4,69861.1,187150.8,279241,6556.2,47689.9,137844.5,1510.6
2022,ENERO,12,19391.2,170092,61902.2,192150.2,315702.9,6345.5,54125.1,135908.5,3026.3
2022,ENERO,13,24286,170129.8,101476.1,265549.1,181237,7126.1,51715.4,138288.6,1215.5
2022,ENERO,14,24417.9,170145.2,109896.5,296433.4,138301,7519.1,54010.4,139747.9,0
2022,ENERO,15,26592,170228.2,112464.6,177882,109637.1,7195.1,57872.4,138398.6,17182.3
2022,ENERO,16,26592,167154.3,88570.9,160590.8,99677.1,6704.4,59101.2,131361.4,30082.1
2022,ENERO,17,26592,170445.9,126422,264508.2,101757.8,8435,64670.3,136300.8,8275.9
2022,ENERO,18,26592,170467.7,107915.9,326186.7,72819.4,6211.3,59208.8,132644.3,10048.2
2022,ENERO,19,26591.2,170438.3,95740.5,293787.1,143474.4,8090.6,62838.8,134053.5,13016
2022,ENERO,20,26590.5,170425,80982.2,203929.3,270065.9,8820,62098.7,137279.9,0
2022,ENERO,21,26585.7,170408.2,64989.4,149417,372508.2,8735,61658.4,132326.5,0
2022,ENERO,22,26592,170358.4,60077.2,188545.4,240075.4,8024.1,54424.7,129306.3,6297.5
2022,ENERO,23,26592,170364.2,67523,188038.2,126488.3,7531.8,52077,125382.6,22168.7
2022,ENERO,24,26592,170339.6,128289.1,297543.5,109088.5,6448.5,50111.8,131960.9,17138.9
2022,ENERO,25,25392,170352.7,88723.4,338074.7,137041.5,3948,48485.7,130905.4,3250.3
2022,ENERO,26,24892,170317.7,95639,324695.5,163796.6,1455.3,45058.5,130259.7,0
2022,ENERO,27,25172,170366.9,77656.1,310401.5,194520.5,3175.9,52660.4,129910.1,0
2022,ENERO,28,18841,170399.5,72305.1,178695.4,305638.3,8357.4,67413,130753.4,341
2022,ENERO,29,16920,169961.9,63786.7,127726.9,195439.2,9236.3,68371.8,126405.1,31642.7
2022,ENERO,30,16920,170339.1,66920.1,133545,137884.1,8152.3,66582.8,125932.9,27162.9
2022,ENERO,31,16908,170313.4,55960.8,101554.9,329396.5,8441.7,67934.4,131022.9,25166.8
2022,FEBRERO,01,14394,170434.5,48119.3,100595,405307.2,9912.3,70431.3,132801.2,5109.4
2022,FEBRERO,02,26775.9,170445.4,59822.3,271372.9,171360.5,10415.3,71771.3,129964.5,16204.1
2022,FEBRERO,03,20172,170458.7,50987.2,332211.7,102002.3,4946.5,60123,135152.9,25748.8
2022,FEBRERO,04,34684,170448.7,51998.6,223790.6,159073.6,1632.1,46881.3,132645.9,54659.8
2022,FEBRERO,05,23612,170477.2,41494.4,81194.7,252213,5799.4,57862.7,130326.6,34961.3
2022,FEBRERO,06,18063,170320.3,41441.6,75489.1,203925.3,9272.8,64066,128693,60336.7
2022,FEBRERO,07,13300,170403.4,49509.2,154827.5,284376.7,10980.8,72672.2,129885,22442.3
2022,FEBRERO,08,13294,170402.2,53026.5,252864.3,178346.5,11199.5,75077.2,131023.7,33938.8
2022,FEBRERO,09,23344,170409.5,63468,272438.1,114366,11988.6,74584,135824.3,30016.5
2022,FEBRERO,10,28120.3,170366,61505.4,311018.3,76605.8,8167.4,69801.9,134869.2,30041
2022,FEBRERO,11,28115,170398.3,61053.4,264488,142194.3,8176,64534.5,139231.3,22520.6
2022,FEBRERO,12,28122.2,170344.1,55199.9,207128.3,66244.1,3372.6,59395.3,130504.7,59446.9
2022,FEBRERO,13,23469.2,170194.9,32215.3,21623.4,296095.8,3031.1,49875.3,125473.8,45460.5
2022,FEBRERO,14,17184.2,170223.8,65563.9,64056.9,362236.6,8838.9,68895.4,132407.4,17843.8
2022,FEBRERO,15,19341.8,170287.6,58807.3,115845.3,278677.7,10792.2,76644.5,132944.7,22780.6
2022,FEBRERO,16,17750.4,170360.1,42412.4,79580.5,348305.2,8042.4,67291,130946.1,56510
2022,FEBRERO,17,19265.6,170299.3,52999.2,167742.9,208206.6,11934.1,78333.2,134956.6,48104.8
2022,FEBRERO,18,23167.2,170193.4,56816,118590.7,205957.3,10791.1,75281.4,140256.7,62098.2
2022,FEBRERO,19,18613.1,170191.2,42616.1,34113.8,329552,1950.3,51895.3,130035.2,53604.8
2022,FEBRERO,20,19539.9,170086.6,52540.2,37275.9,179941.9,11026.2,78917.7,129201.5,72469
2022,FEBRERO,21,19292.6,170132.8,59637.7,78173.9,239200.3,13129,85142.2,132243.8,68094.7
2022,FEBRERO,22,19303.8,170128.5,57323.3,105517.3,220686.6,14354.5,88676.4,130874.9,63660.1
2022,FEBRERO,23,19342.8,170106.7,74443.1,175029.9,145971.7,7383.4,72243.2,134028.7,64112.8
2022,FEBRERO,24,19363.3,170091,74443.4,159202.6,170928.3,1157,52100.9,136562.6,69383.4
2022,FEBRERO,25,19350.3,170032.1,85893,47586,377695.9,555.1,44519.6,135190.2,3674.7
2022,FEBRERO,26,19368,170045.7,76072.4,98642.7,200401.5,711.8,44804.5,130624.3,48378.4
2022,FEBRERO,27,27843,170125.7,61117.9,94954,84971.2,5014.1,64195.8,126865.6,83802.9
2022,FEBRERO,28,28488,170201,74523.2,178950.5,82427.2,11372.4,81598,129585.7,65073.6
2022,MARZO,01,28488,170219.2,67908.4,177587.1,157560.9,13364.1,81694.2,125829.8,16474.9
2022,MARZO,02,28488,170271.7,61530.8,181734.5,218397.7,9615.2,79132.2,127204.2,658.7
2022,MARZO,03,28563.3,170273.6,89272.9,126423.8,256577.1,1861.7,42950.1,129645.5,14771.2
2022,MARZO,04,28878.6,170164,64991.6,70375.6,371712.3,5438.5,62750.3,133221.7,8657.1
2022,MARZO,05,28953.9,163977.4,60741,70404.8,201099.6,5139.2,69073.3,130731.7,42045.8
2022,MARZO,06,28728,167550.9,61495.9,20747,188238.3,10672.9,69453.9,126999.9,52296.3
2022,MARZO,07,28953.9,170641.3,92226.9,138159.6,139745.9,5765.7,64542.1,132844.1,53170.5
2022,MARZO,08,29263.3,170937.7,73278.3,114982.5,212238.9,4656.8,59792.8,127786.6,32625.2
2022,MARZO,09,19848,170713.7,61177.3,133134.2,233631.2,8929.7,73175.5,127916.7,36292.9
2022,MARZO,10,19848,170164.3,58417.7,95532.6,261387.9,9539.2,71005.2,132700.2,34731.8
2022,MARZO,11,19834,170144,63144.1,83197.7,325948.3,758.1,35738.8,134848.5,38677.4
2022,MARZO,12,18029,170210.8,53343.9,33608,291990.4,5642.2,71390.5,132617.1,12352.3
2022,MARZO,13,17698.1,170130,73485.7,40447,200582,5497.6,76225.3,131888.3,8573.2
2022,MARZO,14,24255.6,144605,57483.8,80583.6,395979.3,578.7,34327.3,134374.7,0
2022,MARZO,15,30036,144596,84844.5,83291.4,364531.4,1017.1,46787.7,136466.7,0
2022,MARZO,16,33641,144581.6,99392.9,128249,261560.2,1001.3,37911.7,137074.8,7102.2
2022,MARZO,17,32447,144411.1,53942.8,17620.9,458500.3,3585.7,49820.8,133804.7,166.8
2022,MARZO,18,32956.7,144617,62927.9,87277.9,281585.2,9401.4,62122.6,138731.1,36761.8
2022,MARZO,19,26309.3,144675.6,57046,35384.1,207943.5,9536.5,63603.2,129629.5,66102.5
2022,MARZO,20,24838.3,144713.2,43666.9,32088,314672.7,2142.4,45482,128893.4,608.5
2022,MARZO,21,24884.8,144665,59496.6,129856.2,315385,538.7,36299.8,132036.7,5546.9
2022,MARZO,22,26213.2,144649.7,53871.6,119296.5,339550.9,72.7,40999.7,136678,0
2022,MARZO,23,26199.6,144616.5,54659.6,96174.4,380528.6,942.7,31205.3,135467.3,0
2022,MARZO,24,17104.5,144675.2,74687.1,107292.7,327139.3,402.5,35735.7,134405,8371.3
2022,MARZO,25,17136,144694.8,105930.1,106677.9,262071.5,430.3,39671.7,136422.7,16239.6
2022,MARZO,26,12301.2,144789.6,65331.6,86951.1,152366.4,5402.8,60405.4,131497.9,59688.7
2022,MARZO,27,11096,138760.4,51510.5,61524.3,165753.2,9051.2,77631.8,116005.2,43506
2022,MARZO,28,12330.6,144818.2,71139.9,189354.7,230220.1,1200,60324.5,132439.5,0
2022,MARZO,29,12336,144991.2,91376.2,255139,100688.1,1245.4,50947.4,133811.5,20828.8
2022,MARZO,30,12336,144814.6,98933.2,139753.6,252655.5,3016.4,59391.2,138089,1959.4
2022,MARZO,31,15797.2,144802.8,75905.9,30241.9,396349.2,6985.6,78511.8,137012,0
2022,ABRIL,01,7880,144746.8,76136,15495,407050.8,14549.7,95741.2,130092.2,0
2022,ABRIL,02,4640,144731.6,74106.4,12466,334122.1,18923.1,108385.9,126100.1,0
2022,ABRIL,03,17264,144688.4,53384.7,9167,307807.8,16051.5,100675.4,123378.9,0
2022,ABRIL,04,21420,143891,77201,66214.9,382562.8,3378.7,67822.7,128719.5,0
2022,ABRIL,05,33288,143932.8,103617.6,163869.7,240416.9,1066.8,44872.5,132341.1,3020.8
2022,ABRIL,06,37366.6,143563.2,83857.9,160818.9,192769.3,11999.4,98318.1,126767.5,10365.9
2022,ABRIL,07,37915,144717.5,60839.3,26956,335072.8,18053,105527.8,128966,17031.7
2022,ABRIL,08,33855.4,153673.8,55340,14942.8,420773.3,13608.4,90712.6,129500.2,0
2022,ABRIL,09,36287,155858.6,90374.5,69163.5,164262.9,8418.5,78802.7,130291.9,526.4
2022,ABRIL,10,4239,155472.4,55002.1,26331,264889.7,15817.9,106047.5,121037.9,1055.4
2022,ABRIL,11,1246,155413.2,62008,10365.4,427342.1,5716.2,79221.6,126545.8,2557.6
2022,ABRIL,12,29062,156516.6,73173,153365.7,209412.3,1205.8,64619.7,132755.2,329.1
2022,ABRIL,13,30064.9,166763.6,74768.6,114559.7,161830.6,9908,82729.8,133522.9,15818.7
2022,ABRIL,14,33926.5,168566.6,70143.2,63394,131481.4,16151.3,102472,127890.6,2658.1
2022,ABRIL,15,31803.9,168484.9,48731.1,25535.9,106930,22495.7,113939.2,121522.7,21811.1
2022,ABRIL,16,8989,168441,43266,12273.4,166602.5,24456,113135.7,117327,37529
2022,ABRIL,17,7806,166800.6,42715.3,150,154571.7,21719.3,111807.9,113119.8,31878.5
2022,ABRIL,18,7606,166733,56194.5,150,241675,20757.3,112128,116017.4,9769.3
2022,ABRIL,19,7546,166213.2,68364.5,3705,366168.3,13445.4,81655.9,119787.5,0
2022,ABRIL,20,6483,165842,57757.3,0,450345.8,11162.1,67905.5,118889.2,0
2022,ABRIL,21,6483,165912.3,108409.5,5295,301510.3,17827.2,104507,120246,4382.6
2022,ABRIL,22,16537.3,160014.7,104050.3,48390.5,231749.4,2322.8,42306.7,127430.8,58841.1
2022,ABRIL,23,2213.3,145673.3,47816.9,420,396822.7,7198.2,84622.5,119460.7,1242.8
2022,ABRIL,24,2483,145412.1,61571.9,16979.5,226320.4,13370.9,110856.4,117980.5,11067.3
2022,ABRIL,25,26347.6,145438.3,105370,132292.3,64395.2,20067.9,121908.9,128770.2,23077.5
2022,ABRIL,26,26045.2,120017.4,88698.5,248539.2,83096.2,8769.2,86957.6,131827,15467.5
2022,ABRIL,27,24780.7,120331.8,88020.9,243691.3,75389.4,12856.2,75865.5,131601.8,29887.2
2022,ABRIL,28,36322.3,120696,121581.1,141193.7,126927.7,11995.4,82522,129979.7,22815.4
2022,ABRIL,29,35704.4,120816,109423.2,136295.9,124207.2,20782.8,116539.6,134428.4,0
2022,ABRIL,30,3434,133092.4,98471.2,94154.7,147544.8,22194.9,112880.9,127575.3,0
2022,MAYO,01,1404,143429,76200,20873,155466.4,23875.1,122322.1,118890.3,6102.5
2022,MAYO,02,6524,145834.2,100587.6,39805.1,219604.8,18359.1,95709.1,127114.3,0
2022,MAYO,03,8253,145927.2,127360.5,58549.7,260820,10814.3,81080.7,127719,0
2022,MAYO,04,8604,145773.1,130842.1,60435.2,227869.5,12679.1,92807.8,135273.9,0
2022,MAYO,05,8604,145723.8,115533.5,38633.2,240883.4,20690.8,120081.9,134771,0
2022,MAYO,06,8604,145646.5,111658.3,32948.7,246463,25174.2,124336.4,131323.8,0
2022,MAYO,07,8604,145797.3,81577.2,32668,194863.1,25102,128793.8,128303.9,0
2022,MAYO,08,8224.1,145754.4,76947.6,7377,132469.9,25958,122835.6,121140.7,10618
2022,MAYO,09,18285.9,145545.5,107900,97502.3,93842.2,23692.2,125615.3,126842.6,12840
2022,MAYO,10,17300.7,145340.2,103799.6,121480.3,104541.7,26901.2,128205.9,126185.3,7089
2022,MAYO,11,8735,145247.5,76369.9,137898,153694.8,26039.5,121661.3,123823.9,1847.2
2022,MAYO,12,7683.1,145029,70435.5,176454,164080.2,16758.8,101429.5,123971,8492.2
2022,MAYO,13,8193,144805.9,81703.1,178998.6,86711.2,21564.7,119709.6,129323.2,13334.4
2022,MAYO,14,8073,125089.1,63237.7,71598.4,125619,23767.8,110697.6,122246.7,53007.8
2022,MAYO,15,873,121651.1,53121.9,6363,278080.6,15497.5,103726.8,115635.5,16022.8
2022,MAYO,16,4487.2,121552.7,83504.8,87499.4,193348.7,24119.6,123336,118038.1,11014.7
2022,MAYO,17,5673,121499.2,80924.2,153634.1,160989.4,25937.7,127810.3,121426.2,4387.7
2022,MAYO,18,4473,121490.5,70572.1,195906.3,135176.9,23828.9,116938.4,121557.8,14435.3
2022,MAYO,19,16143,121548.5,66344.1,153086.5,203665,23612.9,117308.6,119393.9,11639.9
2022,MAYO,20,7326.8,121571.9,62794.8,139338.9,240542.6,20113.2,95070.4,120461.9,5886.3
2022,MAYO,21,2373,121293.9,50529.8,62924.5,236609.1,11276.1,89562.5,117626.4,32762.7
2022,MAYO,22,2872.4,121159.8,48609.6,45752.8,205406.7,13269,98451.3,118306.2,39215.8
2022,MAYO,23,5260.3,121238.9,50542.5,83939.2,236505.8,19963.6,121836.2,123713.4,22809.6
2022,MAYO,24,3817.4,121492.7,44763,91547.9,282934.5,22786.4,112890.2,117726,19032.4
2022,MAYO,25,4558.7,121719.3,50547.3,60267,304871.9,25850.6,123148.7,121149,7828.3
2022,MAYO,26,3273,121724.5,44557.1,31097.9,305817.7,26375.4,132141.8,116341.9,30345.8
2022,MAYO,27,2973,121853.6,44873.4,29814.1,285256,28212.1,133672.6,116787.3,31178.7
2022,MAYO,28,2073,121767.1,50076.8,22827,200094.5,29826.6,132978.8,111983.2,46208.3
2022,MAYO,29,2673,121603.1,48671.8,34321.4,176723,28167,123285.4,107793.4,34481.9
2022,MAYO,30,21947,121562.3,67919,183425.4,135422.7,13709.8,108428.2,120795.5,13657.6
2022,MAYO,31,23155.1,126202.3,58918.7,219173.4,95214,22709.6,127274.1,116807.5,15369.9
2022,JUNIO,01,18979.7,131153.7,52858.7,192184,148888.5,21869.1,115303.4,115967.5,19428.7
2022,JUNIO,02,20149.8,133175.5,54089.5,211791.7,105643.6,19102.5,110444.1,117188.7,42206.6
2022,JUNIO,03,24470.2,141299.7,47613.6,224504.2,104549.4,21827.5,118068.1,119211.5,23507.8
2022,JUNIO,04,22763.6,143017.1,42989.1,130959.5,102676.1,23802.2,119417.9,116520.5,46687.3
2022,JUNIO,05,13113,142956.7,38367.8,84052.3,96643.3,28075.9,132304.5,110463.6,53843
2022,JUNIO,06,13185,143551.5,33149,151529.4,135252.6,28811.7,124911.3,114500,44980
2022,JUNIO,07,7776,143544.3,33791.6,210617.4,132841.2,28840.3,128662.3,115447.7,24555.6
2022,JUNIO,08,7249.9,143365.5,29850.2,204212.9,195446.4,26640.1,115237.1,111946.2,17011.3
2022,JUNIO,09,6753,143265.6,36137.2,178749.1,197352.9,26810.5,129738.7,113880.4,12294.3
2022,JUNIO,10,7473,143180.5,44627.8,173684.2,163311.6,27255.3,125275.4,113271.3,22296
2022,JUNIO,11,5373,143514.1,41989.1,65808.2,190516.2,27200.9,125912.9,109786,32026.5
2022,JUNIO,12,2973,143590.4,33982,38379.6,212894.6,28441.2,120545.8,105535.4,42087.5
2022,JUNIO,13,21474,143549.8,47690.8,179687.9,184435.9,23926.6,118622.8,113660.1,12607.6
2022,JUNIO,14,26385.6,143247.2,48631,293562.2,104195.8,20548.1,110280.2,117501.4,12477.6
2022,JUNIO,15,39288,143326.4,45770.7,373157.1,96759.5,16910.2,101572.3,105615.8,0
2022,JUNIO,16,39480,143197.6,45943.7,398413.4,98403.3,14668.8,101501.2,103673.2,0
2022,JUNIO,17,46200,156671,44615.5,328062.1,129951,16159.3,107846.6,101148.8,0
2022,JUNIO,18,39600,156127.8,53158.1,173662,198272.4,21368.6,119233.2,97537.5,0
2022,JUNIO,19,33467.6,163815.8,44376.7,94922.1,234703.7,20934.2,115376.9,88275.6,1781.7
2022,JUNIO,20,39480,150969.8,38930.5,273562.6,153967,18639.3,112339.7,98488,0
2022,JUNIO,21,35480,142604,29004.7,333841.3,116750.3,20886.5,108923.9,101354.3,0
2022,JUNIO,22,27480,150507.2,30521.2,362585,103357.3,13470.1,101908.7,99098.7,0
2022,JUNIO,23,24340,166493.2,28173.4,340488,116003.3,18529.8,103217.3,97356.2,0
2022,JUNIO,24,30600,166765,38181.7,190607.2,168917.4,25136.1,124789.9,94891.5,0
2022,JUNIO,25,29662.1,167089,46635.9,158338.4,172341.5,23339.1,116121.5,88259.4,0
2022,JUNIO,26,29916.4,167018.7,42465.9,68680.8,180001,28766.7,129296.8,87417.2,0
2022,JUNIO,27,31080,167024.3,47932.7,94159.2,241778.9,30391.6,125542.7,91526.4,0
2022,JUNIO,28,31080,165400.8,32943.9,275306,115018.8,29453.4,110427.6,92777.5,0
2022,JUNIO,29,31080,167281,40365.5,211262,166036,29771.8,134247.1,90013.8,0
2022,JUNIO,30,23640,166648.8,40894.5,140299.5,221365.3,24660.1,132540.1,89603.3,0
2022,JULIO,01,23640,166715,69536.1,185436.1,152699,28031.3,129877,92378.6,0
2022,JULIO,02,31080,159831.4,47183.6,148021.4,164388.3,28422.6,120137.7,88110.5,0
2022,JULIO,03,27334.2,166403.2,52114.4,111156.7,163550.9,25898.9,113255.3,83349.9,0
2022,JULIO,04,31080,166534.4,38420.4,212479.9,159889.3,25961.6,125768.7,86900.2,0
2022,JULIO,05,31056,166353.6,27077.3,202129.5,225502.7,23712.1,114056.4,89362.2,0
2022,JULIO,06,31056,166382.2,35826.7,151030.6,252292.9,25304.5,114345.8,92588.5,0
2022,JULIO,07,31056,166084.8,30509,114781.9,315978.5,28650,128506.5,90078.5,0
2022,JULIO,08,31056,166281.8,38657.6,153723.5,240468.2,29528.6,129096.8,89092.4,0
2022,JULIO,09,24240,166008.2,40449.6,174542.7,163679.3,29260.3,131820,84755.3,0
2022,JULIO,10,24240,165829.8,32323.5,229252.4,126089,28312.7,129128.7,82895.1,0
2022,JULIO,11,32184,165874.2,36370.2,304288.9,133623.2,28324,121946.6,90349.2,0
2022,JULIO,12,29136,165646.2,35829.4,355975.5,144499.9,25026.1,115495.7,86927.2,0
2022,JULIO,13,19776,165567.2,31480.5,394949.6,123258.6,24630.9,118462.6,84422.1,0
2022,JULIO,14,25796,165374.8,36865,377491.6,147609.9,24976.2,117467.4,82646.3,0
2022,JULIO,15,23740,165376.8,29858.2,382579.2,159481.8,26605.5,119141.9,82232.2,0
2022,JULIO,16,30096,165305.4,30704.9,352037.3,107429.2,26136.3,120176.1,82879.5,0
2022,JULIO,17,26271.3,165400,29652.9,315410.4,121776.5,26031.9,119783.1,80229.7,0
2022,JULIO,18,24978.1,165361.4,30342.9,347826.2,165894.1,26309.1,118278.3,83761.5,0
2022,JULIO,19,29363.4,165036.8,57014,247618,195117.9,26200,125661.2,82973.7,0
2022,JULIO,20,30096,165107,45164.7,294430.1,146561.5,26358.1,129290.5,89590.3,0
2022,JULIO,21,29504,165079.4,39838.8,297447,168186.4,26433.6,125692.1,88173.4,0
2022,JULIO,22,29313.9,165277.4,39239.8,285798.9,182222.5,25878.2,124500.6,86438.9,0
2022,JULIO,23,30096,165295.6,59422.7,233430.8,136752.7,26529.1,126609.8,81463.3,0
2022,JULIO,24,27412.6,165226.6,45039.9,254123.2,116800.4,22638.8,118504.1,79249.9,0
2022,JULIO,25,30336,165202.8,47123.7,264790.3,174748.9,22611.1,118610.3,78832.8,0
2022,JULIO,26,30336,165224.4,36568.6,262487.3,208685.4,25599.1,125234.6,83668.4,0
2022,JULIO,27,24336,165208.8,52658.1,287357.8,168886.6,24467.8,125082.4,83639.9,0
2022,JULIO,28,30336,165539.8,79977.3,275195.9,131032.4,27361.7,125346.2,85247.1,0
2022,JULIO,29,30336,143002.6,42658.9,317556.6,160698.2,26127.9,123162.8,86967.2,0
2022,JULIO,30,30336,163721.4,34347.5,187961.1,215581.1,25101.7,113295.6,82267.8,0
2022,JULIO,31,24955.7,165993.4,34321,188868,171110.9,25299.5,121364.7,78535.4,0
2022,AGOSTO,01,29136,165643,49474.4,281205.7,146456.9,27124.6,122542,77738.5,0
2022,AGOSTO,02,29136,166529.2,54798.4,335919.7,116316.5,26069,120151.8,78517.2,0
2022,AGOSTO,03,30096,164383.4,40800,339313.1,130809,26471.5,119805.5,76113.1,0
2022,AGOSTO,04,19560,165286.4,36689.2,315169.4,174217.6,24022.6,120064,75104.4,0
2022,AGOSTO,05,19560,165193.6,32006.7,290654.5,201686.9,25443.8,120574,75034.3,0
2022,AGOSTO,06,19560,165205.6,39591.6,234392.8,181022,24501.2,120401.3,71482.3,0
2022,AGOSTO,07,25902.4,165132.6,41035.7,235827.3,131190.9,25320.1,119777.3,69978.8,545.1
2022,AGOSTO,08,30120,165403.6,34442.1,338554.2,114423.6,24196.8,117033.4,76422.9,0
2022,AGOSTO,09,30120,164917.6,37873.3,345238.4,129135.9,24066.5,111261.8,74344.8,0
2022,AGOSTO,10,30600,164775,41752,357103.4,119679.7,19247.5,101992,73212.6,0
2022,AGOSTO,11,30600,164853.4,56415.6,335827.2,104357.5,22194.8,113412.2,72907.9,0
2022,AGOSTO,12,30600,164934.6,67634.6,340906.1,82734.2,19881,112374.4,74896.5,0
2022,AGOSTO,13,30600,165268.6,41772.7,277372.4,154644.5,8922.3,72432.2,70442,0
2022,AGOSTO,14,30360,165261,47880.6,198192.4,155628.4,20051.7,117728.7,67343.7,0
2022,AGOSTO,15,30360,165300.6,46418.4,176201,167685.3,19844.9,122631.9,68663.7,0
2022,AGOSTO,16,30360,165184,39794.4,183843,231917.7,24213.8,115544.9,71036.5,0
2022,AGOSTO,17,30120,165104,41093,173694.5,215189.6,25058.5,117782.8,71233.2,0
2022,AGOSTO,18,30120,165726.4,48270.3,104370.9,246743,24764.7,122841.9,70058.6,0
2022,AGOSTO,19,30120,166382.2,60740.4,124380.2,205020.5,24118.3,123933.9,71588,0
2022,AGOSTO,20,30120,166813.9,74788.4,184166.3,112199.4,25983,123084.6,70666.6,0
2022,AGOSTO,21,30000,166676.1,52886,128558.8,163489.3,25702.3,120655.2,68415,0
2022,AGOSTO,22,30120,166419,59371.8,138008.5,216203.1,26092.3,120731.3,73488,0
2022,AGOSTO,23,30120,166111.5,53501.8,264615.2,147107,24452.6,113433.5,74958.2,0
2022,AGOSTO,24,28440,165951,51927.7,336607.8,105881.4,22715.9,104509.4,71293.1,0
2022,AGOSTO,25,28440,165435.2,30865.1,299250.6,163915.8,23988.4,110137,72165.8,0
2022,AGOSTO,26,28440,165499.6,49637,180420,241668.8,22290.5,110332.3,71817.5,0
2022,AGOSTO,27,28440,165489.6,38542.4,251902.6,136591,21266.9,111087.3,72163.4,0
2022,AGOSTO,28,21240,165451.2,44897.8,237316.9,118940,19934.9,104833.9,71713.9,0
2022,AGOSTO,29,21240,165748.6,50294.3,317150,125960.2,16267.5,94412.3,71766.2,0
2022,AGOSTO,30,17220,165753.6,63041.4,374577.5,75044.3,17946.6,103468.5,71351.5,0
2022,AGOSTO,31,12360,164997.2,37428.7,397045.5,99595.1,19848.5,109930.2,71618.9,0
2022,SEPTIEMBRE,01,17700,164793.6,38522,402389.4,89323.5,15894.9,101623.7,71315.7,0
2022,SEPTIEMBRE,02,19577,164891.8,24620.2,391456.5,122470,17906.2,101582.7,70084.4,0
2022,SEPTIEMBRE,03,12720,165025.4,35263.7,271810.6,140540.3,18370.8,112756.1,66315.1,0
2022,SEPTIEMBRE,04,12720,165063.6,52490.2,144944.6,194052.9,21637.9,120248.5,65637.2,0
2022,SEPTIEMBRE,05,23520,165138,50527,217763.9,205590.6,22759.5,116136.8,69084.1,0
2022,SEPTIEMBRE,06,24120,165746.8,37562.3,283561.2,186371.4,20795.5,112279.7,68442.2,0
2022,SEPTIEMBRE,07,22822.2,165720.8,26867,317535.7,185916.6,18724.1,106298.8,67199.7,0
2022,SEPTIEMBRE,08,24336,165938.2,58653.7,343094.3,116179.6,14903.2,92745.1,61522.1,0
2022,SEPTIEMBRE,09,23468.9,166048.4,75974,349261.1,74885,21418.5,111839.8,65965.7,0
2022,SEPTIEMBRE,10,23472,166343.4,72393,290181.4,52116.4,22108.5,114744.5,64154,0
2022,SEPTIEMBRE,11,23880,166177.2,43753.8,229099.5,123385,18176,103896.5,66520.2,0
2022,SEPTIEMBRE,12,23160,165975.4,32887.2,292153,250901.9,6166.1,54791.7,64253.3,0
2022,SEPTIEMBRE,13,23400,165796.7,41034.8,223997.2,342416.1,918.2,53132.1,65993.8,0
2022,SEPTIEMBRE,14,23160,165681.8,53135.9,318987.2,184982.8,3574.5,74734.6,70029.1,0
2022,SEPTIEMBRE,15,23160,165607.8,73201.7,378691.2,72284.4,3933,81347.1,69926.9,0
2022,SEPTIEMBRE,16,22320,166099.4,111053.9,207380,164556.1,12488.9,103636,69564.1,0
2022,SEPTIEMBRE,17,20980.6,159201.2,51782,192844.2,215589.2,18467.5,105943,65327.9,0
2022,SEPTIEMBRE,18,19390.7,166073.4,67788.4,155377.1,154042.9,10243.3,91206.3,63545.1,0
2022,SEPTIEMBRE,19,22320,166281.4,104568.3,266722.7,107909.7,12687.5,90017.1,67357.7,0
2022,SEPTIEMBRE,20,28080,166454.2,80996.7,302827.9,106131.4,13197.4,99170.5,69959.3,0
2022,SEPTIEMBRE,21,26880,165827.8,85586.6,306044.3,109056.5,7830.1,88754.9,68913.3,0
2022,SEPTIEMBRE,22,26880,165573.1,116883.2,290793.4,56058.4,14690.8,98096.8,70139.1,0
2022,SEPTIEMBRE,23,29640,165436.4,80566.1,295349,98722,15473,94566.3,70338.1,0
2022,SEPTIEMBRE,24,23003,165323.8,73366.3,114058.7,212343.6,11737.7,96937.2,68477.4,0
2022,SEPTIEMBRE,25,16553.6,160811.9,74373,57340.9,240640.2,15453.2,92148.9,64442,0
2022,SEPTIEMBRE,26,26789.1,142773.4,87231.6,162332.3,204069.9,16085.9,102435.1,70068.3,0
2022,SEPTIEMBRE,27,24718,142715.2,48680,169046.5,272233.8,20451.2,109304.3,72404.7,0
2022,SEPTIEMBRE,28,24234.5,143269.2,47196.1,128574.4,306689.8,20219.1,101523.6,70878.6,0
2022,SEPTIEMBRE,29,24222.7,143891.5,47041.1,105128.2,354462.1,11207,71411.8,71373.5,0
2022,SEPTIEMBRE,30,21705.1,143818.3,42369.6,156856.3,239491.2,20533.2,107539.7,75198.3,0
2022,OCTUBRE,01,29640,144061.7,36936.2,219018,86791.7,16156.8,108329.9,79717.1,18090.1
2022,OCTUBRE,02,29640,144246.8,42505.5,161339.9,110315,18829.3,107137.4,77894.5,1117.8
2022,OCTUBRE,03,29640,144217,72091.2,313953.6,57154.8,13402,87851.5,88623.2,0
2022,OCTUBRE,04,17280,144176.8,47911,375522.8,47701.2,15716.9,96145.7,89355.5,0
2022,OCTUBRE,05,7200,143938.8,23860.7,370843,94976.3,13132.9,95271.5,86326.8,0
2022,OCTUBRE,06,16973.4,143586.6,28632.1,262323.8,204192.2,13183.4,90312.6,88613.2,0
2022,OCTUBRE,07,19560,143451.8,43660.4,323301.6,105083.5,9560.9,83029,87571.5,0
2022,OCTUBRE,08,13190.4,142931,22513,247200.1,145008.8,12190.6,88935,83985.9,0
2022,OCTUBRE,09,19560,142930.9,27851.3,230499.2,100628.7,11167.1,89741.6,81613.2,0
2022,OCTUBRE,10,22280,142691.2,55646.1,375709.3,53504.9,3849.3,56715,83900.1,0
2022,OCTUBRE,11,23640,142269.6,43259.3,388848.1,61341.3,2776.9,61224,87405.3,0
2022,OCTUBRE,12,25725,142070.5,18141.7,311418.4,79036.3,9501.2,88417.2,85588,0
2022,OCTUBRE,13,26791,142101.4,36324.5,372570.2,59282.5,13601.8,97446,83867.8,0
2022,OCTUBRE,14,24637.6,134870.9,34614.5,345171.7,97403.8,14743.5,101414.5,84061.8,0
2022,OCTUBRE,15,1153,119063.3,36718.9,258756.8,136778.2,12776.5,97727.3,82706.5,0
2022,OCTUBRE,16,1264,119092.5,27629.4,123558.3,243681.3,3325.7,68044.5,79535.5,5591.4
2022,OCTUBRE,17,763,118798.3,41053.4,205825.4,248552.7,10007.9,77572.8,84058.4,3040.3
2022,OCTUBRE,18,1829,118877.2,28213.7,187735.7,323300.8,6777,77777.6,81852.6,0
2022,OCTUBRE,19,763,118829.3,34007.4,168867.5,367309.2,2096.7,50898.8,83432.9,0
2022,OCTUBRE,20,763,118833.9,34238.8,148111.5,404925.2,1043,30330.5,78173.2,0
2022,OCTUBRE,21,763,118883.8,60913.8,173685.3,342527.9,1590.2,40231.4,80316.6,0
2022,OCTUBRE,22,0,118838.8,32557.3,87355.4,365081,1735.8,59816.8,78185.2,0
2022,OCTUBRE,23,483,118900.2,27833.7,20579.8,421245.7,639.6,55513.8,78591.9,14942.8
2022,OCTUBRE,24,763,118957.8,51176.8,148720,209992.6,1049.9,59103.3,88745.9,77331.3
2022,OCTUBRE,25,763,119101.4,40029.2,143278.2,314106.7,1211.9,60508,88610.3,25914.7
2022,OCTUBRE,26,763,119413.6,49778.7,208623.2,252469.4,1185.3,57567,85939.3,28421.3
2022,OCTUBRE,27,0,119051.8,46506,69236.2,379450.2,2960.2,71069.6,85532.4,11051.1
2022,OCTUBRE,28,483,119171.1,42266.3,91250.6,320999.2,4683.5,67169.2,84888.1,38652.6
2022,OCTUBRE,29,483,119280.8,42268.1,47438.9,322687.2,6058.4,77483.3,84713.8,14910.1
2022,OCTUBRE,30,120,124155.7,54841.1,118628,134898.5,2461.1,53606.2,86727,74688.1
2022,OCTUBRE,31,763,119352.5,85888.2,40976.5,270741.5,1776.6,39681.6,92363.1,38953.4
2022,NOVIEMBRE,01,763,119300.2,34131.5,171465.2,89809.5,5612.5,71300.9,93898,64969.9
2022,NOVIEMBRE,02,5513,119287.5,45951.7,275096,75323,6206.1,74626.6,96199.5,61485.5
2022,NOVIEMBRE,03,5410.2,119494.6,39726.3,129036.6,310103.7,2068.1,38910.8,103659.4,38738.3
2022,NOVIEMBRE,04,7873,120769.3,75326.2,180866.5,261834.3,3115.6,72973.6,102370.4,0
2022,NOVIEMBRE,05,763,127206.3,38180.2,236104.8,134670,9986.2,92144.7,102438.3,5892.9
2022,NOVIEMBRE,06,763,131453.2,37232.5,105120.4,160876.9,7772.3,86377.9,98394.8,32643.9
2022,NOVIEMBRE,07,763,138207.2,40716.2,175395.6,211883.8,8762.4,77070.9,100590,14593.1
2022,NOVIEMBRE,08,763,144149.9,35612.7,157402,307844.9,2443.2,51974.5,98918.3,16141.5
2022,NOVIEMBRE,09,763,143951.9,47628.5,325633.6,129668.4,2916.8,51042,102664.2,14415.1
2022,NOVIEMBRE,10,763,144064.5,62026.8,346591.7,81927.6,6263.7,78308,103441.6,0
2022,NOVIEMBRE,11,763,144205.3,50614.2,217465.4,228856.3,7654,63366,103831.8,0
2022,NOVIEMBRE,12,763,144378.6,45965.1,95869,298803,6262.3,65680.2,99463.3,0
2022,NOVIEMBRE,13,763,144323.6,53231.4,138409.3,182446.8,8195.6,75868.3,93881.9,511.6
2022,NOVIEMBRE,14,763,144169.6,53514.3,254014.8,212868.3,1006.4,46260.3,100719.9,0
2022,NOVIEMBRE,15,763,143792,55378.1,86237.4,431524,372.7,33234,101555.4,0
2022,NOVIEMBRE,16,763,143942.9,56081.1,50688.9,463825.9,1320.4,28120.2,106816.4,0
2022,NOVIEMBRE,17,763,143871,76587.3,29753.6,466534.5,1385.3,38445.3,105293.3,0
2022,NOVIEMBRE,18,763,143846.6,98209.7,118091.5,324071.9,4810.5,47799.1,106425.4,0
2022,NOVIEMBRE,19,763,143836.1,72306.9,6292,406435.4,4646.7,65476.5,103865.9,0
2022,NOVIEMBRE,20,763,144083.8,83063.7,13070,308805.3,2849.3,54509.5,99896.7,0
2022,NOVIEMBRE,21,763,144185.9,59630.3,355,525716.3,1255.7,28027,109132.9,0
2022,NOVIEMBRE,22,763,143945.1,63654.6,270,538439.6,866.7,34701.6,106998.9,0
2022,NOVIEMBRE,23,763,144349.4,93947,81656.1,439170.6,1496.5,36433.6,106659,0
2022,NOVIEMBRE,24,13575.4,144298.4,129697.3,216118.7,224138.5,2096.5,36354.2,105805.5,0
2022,NOVIEMBRE,25,26841.3,147178.5,128526.8,161888.2,230819.2,4328,64740.5,111593.3,0
2022,NOVIEMBRE,26,25619.4,145629.4,125085.9,129267.8,174154.6,6681.5,74867.8,107241.9,0
2022,NOVIEMBRE,27,23925,159505.1,100007,87556,194961.1,4398.7,66722.5,109122.7,0
2022,NOVIEMBRE,28,25935.6,144287.2,99168.6,61201.5,398011.8,5932.1,71509.9,110996.2,0
2022,NOVIEMBRE,29,36068.3,160467.2,116816.7,189289.7,218324.1,7096.7,68123.2,110766.3,0
2022,NOVIEMBRE,30,29080,168787.7,133488.4,312684.7,84532.3,2492.3,47763,111215.1,0
2022,DICIEMBRE,01,37920,169400.9,136779.1,177831.8,185768.9,2826.6,52388.9,105458.6,0
2022,DICIEMBRE,02,24360,169522.6,116227.3,285530.3,123426.4,6041.3,58500.4,103247.1,0
2022,DICIEMBRE,03,38040,168810.9,115958.9,236914,94500.7,5867.7,56339.5,105772,0
2022,DICIEMBRE,04,24936,168835.2,162839.9,169177,86004.3,2096.7,51980.6,101445.2,0
2022,DICIEMBRE,05,29650,168816.2,109666.4,208479.1,200835.6,433.1,22855.7,109529.3,0
2022,DICIEMBRE,06,31980,169671,114401,310185.7,48802.2,549,34664.7,107554.9,0
2022,DICIEMBRE,07,26880,169634.6,81939.8,336873.4,106010.6,743.5,36706.1,101545.7,0
2022,DICIEMBRE,08,26880,158864,89883.1,126630.6,267052.7,160.2,26040,106809.3,0
2022,DICIEMBRE,09,26520,165593,104007.3,170473.5,240428.7,107.4,29169.2,110543.3,0
2022,DICIEMBRE,10,25920,168993.4,108244.8,102932.7,303284.2,361.6,46148.2,100284,0
2022,DICIEMBRE,11,33100,160804.3,107280.4,161770.2,193547.5,22.9,21051.3,98113.2,0
2022,DICIEMBRE,12,36720,169641.1,99659.6,24501,442642.2,1032.7,18085.6,103586.6,0
2022,DICIEMBRE,13,32226,169576.1,133738.5,67897.7,381128.3,346.6,15641.6,101134.8,0
2022,DICIEMBRE,14,32319,169575,183104.9,29317.7,342039.2,300,31717.1,109854.7,0
2022,DICIEMBRE,15,37440,165659.5,198357.2,132534.5,215169.2,218.3,35559.2,102480.5,0
2022,DICIEMBRE,16,37440,169193.3,197911.9,105749.4,232647.2,466.1,35289.7,105652.5,0
2022,DICIEMBRE,17,37440,169194.7,216395.1,126777.4,89029.9,1617.8,44787.7,104631.1,0
2022,DICIEMBRE,18,30840,169706.5,144443.3,1161,274357.4,3062.5,57928,99331.5,0
2022,DICIEMBRE,19,33502.1,169818,174798.2,13106,375438.1,2415.8,51101.2,104893.6,0
2022,DICIEMBRE,20,25689.2,169592.8,195339,13630,368355.6,1235.1,33993.4,104013.9,0
2022,DICIEMBRE,21,3555,169287.4,193378.8,6830,383502.7,1707.6,38678.4,101014.8,0
2022,DICIEMBRE,22,1346,169502.9,213801.2,6680,357933.1,1541.3,40102.6,101922.8,0
2022,DICIEMBRE,23,1346,169582.7,209112.1,150,342206.2,3358.3,51699,98870.6,0
2022,DICIEMBRE,24,954,169448.3,161584.2,0,278544.3,4015.7,51195.8,84723.1,0
2022,DICIEMBRE,25,763,169468.1,138285.3,60,279503.8,3825.7,49655,83234.2,0
2022,DICIEMBRE,26,763,169502.7,212712,26535.7,84710.3,5023.7,61938.8,84894.5,28958.3
2022,DICIEMBRE,27,8179,169505.9,273459.5,26250.1,81574.2,8237.3,67290.2,92967.4,11912.9
2022,DICIEMBRE,28,763,169578,162841,520,266586.7,5946.1,64834.7,94269.1,29192.4
2022,DICIEMBRE,29,763,169668.2,147368.1,0,342758.3,3049.3,46429.7,89930.2,26115
2022,DICIEMBRE,30,763,162738,130119.5,0,416490,2539.5,41948.4,83019.6,6995.1
2022,DICIEMBRE,31,763,154339.7,152286.8,0,290854.7,5398.5,56485.8,76617.8,16906.2
